method,sim_setup,beta_int,epsilon,rep,seed,status,synth_file,sigma,epochs,beta123_real,se_real,p_real,R2_real_train,beta123_syn,se_syn,p_syn,R2_syn_train,abs_err_beta123,RMSE_holdout,R2_holdout,RMSE_real_holdout,R2_real_holdout,delta_RMSE_holdout,delta_R2_holdout
DPWGAN,nonconstant,0.0,1.0,1,10101001,OK,higher_order_dpwgan_sweep_nonconstant\beta_int_0.000\eps_1\synthetic_rep_01.csv,2.0,20,-0.00038356545930899686,0.0058528858748044445,0.947749441254777,0.6837060257554435,-0.8180717517759426,0.1897333647260773,1.6311920038149856e-05,0.6619408500300303,0.8176881863166336,2.427389877879938,-0.86888384045788,1.0095943551633002,0.6767064329808454,1.4177955227166377,-1.5455902734387255
DPWGAN,nonconstant,0.0,1.0,2,10101002,OK,higher_order_dpwgan_sweep_nonconstant\beta_int_0.000\eps_1\synthetic_rep_02.csv,2.0,20,-0.00038356545930899686,0.0058528858748044445,0.947749441254777,0.6837060257554435,0.05981712998067872,0.08465512157498228,0.4798281688649667,0.530385885453192,0.06020069543998772,1.12126666921432,0.6012313017190811,1.0095943551633002,0.6767064329808454,0.11167231405101985,-0.0754751312617643
DPWGAN,nonconstant,0.0,1.0,3,10101003,OK,higher_order_dpwgan_sweep_nonconstant\beta_int_0.000\eps_1\synthetic_rep_03.csv,2.0,20,-0.00038356545930899686,0.0058528858748044445,0.947749441254777,0.6837060257554435,-0.31529337847473843,0.22774587584278136,0.1662554152031578,0.7322034934983437,0.3149098130154294,1.937075417419212,-0.19013518569566412,1.0095943551633002,0.6767064329808454,0.9274810622559118,-0.8668416186765096
DPWGAN,nonconstant,0.0,1.0,4,10101004,OK,higher_order_dpwgan_sweep_nonconstant\beta_int_0.000\eps_1\synthetic_rep_04.csv,2.0,20,-0.00038356545930899686,0.0058528858748044445,0.947749441254777,0.6837060257554435,-0.4678001010734698,0.16220901322170003,0.003933399226429252,0.5245513446218792,0.4674165356141608,2.207933389107109,-0.5462338257977115,1.0095943551633002,0.6767064329808454,1.1983390339438087,-1.222940258778557
DPWGAN,nonconstant,0.0,1.0,5,10101005,OK,higher_order_dpwgan_sweep_nonconstant\beta_int_0.000\eps_1\synthetic_rep_05.csv,2.0,20,-0.00038356545930899686,0.0058528858748044445,0.947749441254777,0.6837060257554435,-0.23026589969078493,0.05950391880417623,0.00010943676538326547,0.81663212387658,0.22988233423147592,1.982170481761203,-0.24619281910297164,1.0095943551633002,0.6767064329808454,0.9725761265979027,-0.9228992520838171
DPWGAN,nonconstant,0.0,2.0,1,10102001,OK,higher_order_dpwgan_sweep_nonconstant\beta_int_0.000\eps_2\synthetic_rep_01.csv,2.0,74,-0.00038356545930899686,0.0058528858748044445,0.947749441254777,0.6837060257554435,0.010138555494206686,0.013914924559935305,0.4662523522724437,0.8899228195721572,0.010522120953515682,1.0849034005749894,0.6266764589258869,1.0095943551633002,0.6767064329808454,0.07530904541168915,-0.05002997405495857
DPWGAN,nonconstant,0.0,2.0,2,10102002,OK,higher_order_dpwgan_sweep_nonconstant\beta_int_0.000\eps_2\synthetic_rep_02.csv,2.0,74,-0.00038356545930899686,0.0058528858748044445,0.947749441254777,0.6837060257554435,-0.21666515923746482,0.032298527659830586,2.046011636109536e-11,0.762107177042165,0.2162815937781558,1.780937567129474,-0.006006126791174404,1.0095943551633002,0.6767064329808454,0.7713432119661738,-0.6827125597720198
DPWGAN,nonconstant,0.0,2.0,3,10102003,OK,higher_order_dpwgan_sweep_nonconstant\beta_int_0.000\eps_2\synthetic_rep_03.csv,2.0,74,-0.00038356545930899686,0.0058528858748044445,0.947749441254777,0.6837060257554435,-0.0014610427325618342,0.0012995432469430105,0.2609160761822713,0.9748910545070657,0.0010774772732528373,1.3704034729461991,0.40433766888800227,1.0095943551633002,0.6767064329808454,0.3608091177828989,-0.27236876409284316
DPWGAN,nonconstant,0.0,2.0,4,10102004,OK,higher_order_dpwgan_sweep_nonconstant\beta_int_0.000\eps_2\synthetic_rep_04.csv,2.0,74,-0.00038356545930899686,0.0058528858748044445,0.947749441254777,0.6837060257554435,0.0005253152223092415,0.001710719875067406,0.7587926726652707,0.9782402928721488,0.0009088806816182383,1.0463717722607082,0.6527236036950179,1.0095943551633002,0.6767064329808454,0.036777417097408005,-0.02398282928582751
DPWGAN,nonconstant,0.0,2.0,5,10102005,OK,higher_order_dpwgan_sweep_nonconstant\beta_int_0.000\eps_2\synthetic_rep_05.csv,2.0,74,-0.00038356545930899686,0.0058528858748044445,0.947749441254777,0.6837060257554435,-0.0002060472432125135,0.014836232414844618,0.9889194448385472,0.9055967523446656,0.00017751821609648336,1.4097952190598315,0.36960130925595924,1.0095943551633002,0.6767064329808454,0.4002008638965313,-0.3071051237248862
DPWGAN,nonconstant,0.0,3.0,1,10103001,OK,higher_order_dpwgan_sweep_nonconstant\beta_int_0.000\eps_3\synthetic_rep_01.csv,2.0,143,-0.00038356545930899686,0.0058528858748044445,0.947749441254777,0.6837060257554435,-0.010337028308551988,0.001453271069685991,1.1911357106426223e-12,0.9777177339562185,0.009953462849242992,1.1011618851940375,0.6154032792780197,1.0095943551633002,0.6767064329808454,0.09156753003073725,-0.061303153702825686
DPWGAN,nonconstant,0.0,3.0,2,10103002,OK,higher_order_dpwgan_sweep_nonconstant\beta_int_0.000\eps_3\synthetic_rep_02.csv,2.0,143,-0.00038356545930899686,0.0058528858748044445,0.947749441254777,0.6837060257554435,0.05588889325156739,0.011474097753239126,1.1232065960813862e-06,0.8772442841629026,0.05627245871087638,2.4742939549321785,-0.9418059334726188,1.0095943551633002,0.6767064329808454,1.4646995997688783,-1.6185123664534642
DPWGAN,nonconstant,0.0,3.0,3,10103003,OK,higher_order_dpwgan_sweep_nonconstant\beta_int_0.000\eps_3\synthetic_rep_03.csv,2.0,143,-0.00038356545930899686,0.0058528858748044445,0.947749441254777,0.6837060257554435,0.0035559007385563913,0.0033380506424651223,0.2867754626142812,0.8594454719870313,0.003939466197865388,1.4997967572031072,0.28654258472383853,1.0095943551633002,0.6767064329808454,0.49020240203980703,-0.3901638482570069
DPWGAN,nonconstant,0.0,3.0,4,10103004,OK,higher_order_dpwgan_sweep_nonconstant\beta_int_0.000\eps_3\synthetic_rep_04.csv,2.0,143,-0.00038356545930899686,0.0058528858748044445,0.947749441254777,0.6837060257554435,-0.018126529037810705,0.010671898071743466,0.08943018482443232,0.6660090240280074,0.01774296357850171,1.9222021840480146,-0.17192918114699185,1.0095943551633002,0.6767064329808454,0.9126078288847144,-0.8486356141278373
DPWGAN,nonconstant,0.0,3.0,5,10103005,OK,higher_order_dpwgan_sweep_nonconstant\beta_int_0.000\eps_3\synthetic_rep_05.csv,2.0,143,-0.00038356545930899686,0.0058528858748044445,0.947749441254777,0.6837060257554435,-0.006390052912858787,0.001375570846005408,3.4253932826212155e-06,0.9777726644270791,0.00600648745354979,1.2736902056178447,0.48544612394301845,1.0095943551633002,0.6767064329808454,0.26409585045454453,-0.19126030903782698
DPWGAN,nonconstant,0.0,4.0,1,10104001,OK,higher_order_dpwgan_sweep_nonconstant\beta_int_0.000\eps_4\synthetic_rep_01.csv,2.0,244,-0.00038356545930899686,0.0058528858748044445,0.947749441254777,0.6837060257554435,0.0030931270482524136,0.00455222453728428,0.49684758721621575,0.8008163967868693,0.0034766925075614104,1.137270814456734,0.5897665930738294,1.0095943551633002,0.6767064329808454,0.12767645929343385,-0.08693983990701604
DPWGAN,nonconstant,0.0,4.0,2,10104002,OK,higher_order_dpwgan_sweep_nonconstant\beta_int_0.000\eps_4\synthetic_rep_02.csv,2.0,244,-0.00038356545930899686,0.0058528858748044445,0.947749441254777,0.6837060257554435,-0.004982379891536058,0.00276994820324761,0.0720834602826343,0.9172707344461806,0.004598814432227061,1.5329664517029977,0.25463578765689165,1.0095943551633002,0.6767064329808454,0.5233720965396975,-0.4220706453239538
DPWGAN,nonconstant,0.0,4.0,3,10104003,OK,higher_order_dpwgan_sweep_nonconstant\beta_int_0.000\eps_4\synthetic_rep_03.csv,2.0,244,-0.00038356545930899686,0.0058528858748044445,0.947749441254777,0.6837060257554435,0.0033481320943005936,0.005272000111271907,0.5253878295684842,0.7417467318525526,0.0037316975536095904,1.0918741318934686,0.6218636831862834,1.0095943551633002,0.6767064329808454,0.0822797767301684,-0.05484274979456205
DPWGAN,nonconstant,0.0,4.0,4,10104004,OK,higher_order_dpwgan_sweep_nonconstant\beta_int_0.000\eps_4\synthetic_rep_04.csv,2.0,244,-0.00038356545930899686,0.0058528858748044445,0.947749441254777,0.6837060257554435,0.005053012736844567,0.0037296613851112337,0.175497393579576,0.8432892108341055,0.005436578196153564,1.1944686982817574,0.547464366299528,1.0095943551633002,0.6767064329808454,0.18487434311845719,-0.12924206668131744
DPWGAN,nonconstant,0.0,4.0,5,10104005,OK,higher_order_dpwgan_sweep_nonconstant\beta_int_0.000\eps_4\synthetic_rep_05.csv,2.0,244,-0.00038356545930899686,0.0058528858748044445,0.947749441254777,0.6837060257554435,0.002942670024126591,0.003734542297404581,0.43073343994451607,0.8712143679727538,0.003326235483435588,1.3648344431826755,0.40916912326242394,1.0095943551633002,0.6767064329808454,0.35524008801937534,-0.2675373097184215
DPWGAN,nonconstant,0.0,5.0,1,10105001,OK,higher_order_dpwgan_sweep_nonconstant\beta_int_0.000\eps_5\synthetic_rep_01.csv,2.0,383,-0.00038356545930899686,0.0058528858748044445,0.947749441254777,0.6837060257554435,0.008028197188425547,0.006111033420335003,0.18896141641969663,0.6348857263166701,0.008411762647734543,1.0389110587383805,0.6576581652102333,1.0095943551633002,0.6767064329808454,0.029316703575080316,-0.019048267770612082
DPWGAN,nonconstant,0.0,5.0,2,10105002,OK,higher_order_dpwgan_sweep_nonconstant\beta_int_0.000\eps_5\synthetic_rep_02.csv,2.0,383,-0.00038356545930899686,0.0058528858748044445,0.947749441254777,0.6837060257554435,0.02325102636085643,0.006205849409936204,0.0001799454524089292,0.6900477899787492,0.023634591820165425,1.0507462331111739,0.6498138874497106,1.0095943551633002,0.6767064329808454,0.04115187794787367,-0.026892545531134848
DPWGAN,nonconstant,0.0,5.0,3,10105003,OK,higher_order_dpwgan_sweep_nonconstant\beta_int_0.000\eps_5\synthetic_rep_03.csv,2.0,383,-0.00038356545930899686,0.0058528858748044445,0.947749441254777,0.6837060257554435,-5.05437915914609e-05,0.006066869339141988,0.9933529269185646,0.6667362548277501,0.00033302166771753596,1.064307780212925,0.6407161387810336,1.0095943551633002,0.6767064329808454,0.05471342504962484,-0.03599029419981181
DPWGAN,nonconstant,0.0,5.0,4,10105004,OK,higher_order_dpwgan_sweep_nonconstant\beta_int_0.000\eps_5\synthetic_rep_04.csv,2.0,383,-0.00038356545930899686,0.0058528858748044445,0.947749441254777,0.6837060257554435,-0.010378918082121266,0.0067030776684416805,0.12155321010783415,0.6624941870127696,0.00999535262281227,1.0363922270053243,0.6593161630690201,1.0095943551633002,0.6767064329808454,0.02679787184202409,-0.01739026991182535
DPWGAN,nonconstant,0.0,5.0,5,10105005,OK,higher_order_dpwgan_sweep_nonconstant\beta_int_0.000\eps_5\synthetic_rep_05.csv,2.0,383,-0.00038356545930899686,0.0058528858748044445,0.947749441254777,0.6837060257554435,-0.004108601827427965,0.006311847645392324,0.5150992097191932,0.659612094189802,0.0037250363681189677,1.0231109439886874,0.6679918871603585,1.0095943551633002,0.6767064329808454,0.013516588825387199,-0.008714545820486919
DPWGAN,nonconstant,0.5,1.0,1,20101001,OK,higher_order_dpwgan_sweep_nonconstant\beta_int_0.500\eps_1\synthetic_rep_01.csv,2.0,20,0.5094512644766027,0.006032483982628904,0.0,0.8202783916013237,-0.05423391417049065,0.08585158828238773,0.5275820894416334,0.7168714190274044,0.5636851786470933,1.6781984880140273,0.5254782080910029,0.9962164170623211,0.8327843584088086,0.6819820709517062,-0.3073061503178057
DPWGAN,nonconstant,0.5,1.0,2,20101002,OK,higher_order_dpwgan_sweep_nonconstant\beta_int_0.500\eps_1\synthetic_rep_02.csv,2.0,20,0.5094512644766027,0.006032483982628904,0.0,0.8202783916013237,-0.27764950742795647,0.23994567934573421,0.24723702436407427,0.5136429120463941,0.7871007719045592,2.4911378594566083,-0.04559870060356763,0.9962164170623211,0.8327843584088086,1.4949214423942871,-0.8783830590123762
DPWGAN,nonconstant,0.5,1.0,3,20101003,OK,higher_order_dpwgan_sweep_nonconstant\beta_int_0.500\eps_1\synthetic_rep_03.csv,2.0,20,0.5094512644766027,0.006032483982628904,0.0,0.8202783916013237,0.5438995185223667,0.23980132310731583,0.02333672667220941,0.4926811305100357,0.034448254045764015,2.9361327542870157,-0.4525158713486981,0.9962164170623211,0.8327843584088086,1.9399163372246946,-1.2853002297575067
DPWGAN,nonconstant,0.5,1.0,4,20101004,OK,higher_order_dpwgan_sweep_nonconstant\beta_int_0.500\eps_1\synthetic_rep_04.csv,2.0,20,0.5094512644766027,0.006032483982628904,0.0,0.8202783916013237,0.02162612365523619,0.030802182814051077,0.4826302807636577,0.6866918173586158,0.4878251408213665,1.7376624426177933,0.49125478234266684,0.9962164170623211,0.8327843584088086,0.7414460255554722,-0.34152957606614176
DPWGAN,nonconstant,0.5,1.0,5,20101005,OK,higher_order_dpwgan_sweep_nonconstant\beta_int_0.500\eps_1\synthetic_rep_05.csv,2.0,20,0.5094512644766027,0.006032483982628904,0.0,0.8202783916013237,-0.014012971262504764,0.005734686921745995,0.014555984578032446,0.9488082757504679,0.5234642357391075,2.846009352033861,-0.3647156015907045,0.9962164170623211,0.8327843584088086,1.84979293497154,-1.197499959999513
DPWGAN,nonconstant,0.5,2.0,1,20102001,OK,higher_order_dpwgan_sweep_nonconstant\beta_int_0.500\eps_2\synthetic_rep_01.csv,2.0,74,0.5094512644766027,0.006032483982628904,0.0,0.8202783916013237,-0.001450912929355272,0.006630667596533269,0.8267946041296657,0.9322963878063064,0.510902177405958,1.427188946033465,0.6568117126538651,0.9962164170623211,0.8327843584088086,0.4309725289711439,-0.17597264575494354
DPWGAN,nonconstant,0.5,2.0,2,20102002,OK,higher_order_dpwgan_sweep_nonconstant\beta_int_0.500\eps_2\synthetic_rep_02.csv,2.0,74,0.5094512644766027,0.006032483982628904,0.0,0.8202783916013237,0.0020141682158489075,0.0033760433097067503,0.5507800136740243,0.9254432668770928,0.5074370962607538,1.584754648500627,0.5768507460848731,0.9962164170623211,0.8327843584088086,0.5885382314383059,-0.2559336123239355
DPWGAN,nonconstant,0.5,2.0,3,20102003,OK,higher_order_dpwgan_sweep_nonconstant\beta_int_0.500\eps_2\synthetic_rep_03.csv,2.0,74,0.5094512644766027,0.006032483982628904,0.0,0.8202783916013237,-0.07947027274337459,0.015502673023551555,2.995429066185396e-07,0.878050634492082,0.5889215372199773,2.2870386130939573,0.11871474296594331,0.9962164170623211,0.8327843584088086,1.2908221960316362,-0.7140696154428653
DPWGAN,nonconstant,0.5,2.0,4,20102004,OK,higher_order_dpwgan_sweep_nonconstant\beta_int_0.500\eps_2\synthetic_rep_04.csv,2.0,74,0.5094512644766027,0.006032483982628904,0.0,0.8202783916013237,0.0002965045751610537,0.006570532319669761,0.9640071898728192,0.915437184718123,0.5091547599014417,1.3231609131826416,0.7050184610583972,0.9962164170623211,0.8327843584088086,0.3269444961203205,-0.12776589735041144
DPWGAN,nonconstant,0.5,2.0,5,20102005,OK,higher_order_dpwgan_sweep_nonconstant\beta_int_0.500\eps_2\synthetic_rep_05.csv,2.0,74,0.5094512644766027,0.006032483982628904,0.0,0.8202783916013237,-0.05866053833616213,0.04297341344474381,0.17226162136360626,0.7512397286534758,0.5681118028127649,1.744881821016452,0.48701868470575493,0.9962164170623211,0.8327843584088086,0.748665403954131,-0.34576567370305367
DPWGAN,nonconstant,0.5,3.0,1,20103001,OK,higher_order_dpwgan_sweep_nonconstant\beta_int_0.500\eps_3\synthetic_rep_01.csv,2.0,143,0.5094512644766027,0.006032483982628904,0.0,0.8202783916013237,-0.0038077409640656984,0.005450743704960729,0.4848306950019071,0.9127803296908616,0.5132590054406684,1.553397692753668,0.5934304750390988,0.9962164170623211,0.8327843584088086,0.5571812756913468,-0.23935388336970975
DPWGAN,nonconstant,0.5,3.0,2,20103002,OK,higher_order_dpwgan_sweep_nonconstant\beta_int_0.500\eps_3\synthetic_rep_02.csv,2.0,143,0.5094512644766027,0.006032483982628904,0.0,0.8202783916013237,0.001998200754442611,0.005910558729001997,0.7353131936059648,0.8583749640726723,0.5074530637221601,1.7243828159305519,0.49900097186128645,0.9962164170623211,0.8327843584088086,0.7281663988682308,-0.33378338654752215
DPWGAN,nonconstant,0.5,3.0,3,20103003,OK,higher_order_dpwgan_sweep_nonconstant\beta_int_0.500\eps_3\synthetic_rep_03.csv,2.0,143,0.5094512644766027,0.006032483982628904,0.0,0.8202783916013237,-0.0005895658177143652,0.00410228752838266,0.8857265241564022,0.9219579635362722,0.5100408302943171,1.6574738857521503,0.5371258793144922,0.9962164170623211,0.8327843584088086,0.6612574686898292,-0.2956584790943164
DPWGAN,nonconstant,0.5,3.0,4,20103004,OK,higher_order_dpwgan_sweep_nonconstant\beta_int_0.500\eps_3\synthetic_rep_04.csv,2.0,143,0.5094512644766027,0.006032483982628904,0.0,0.8202783916013237,-0.009871282502548697,0.0056383161555560056,0.08001088127021402,0.8648331049430101,0.5193225469791514,1.441535943361027,0.649877144359568,0.9962164170623211,0.8327843584088086,0.44531952629870597,-0.1829072140492406
DPWGAN,nonconstant,0.5,3.0,5,20103005,OK,higher_order_dpwgan_sweep_nonconstant\beta_int_0.500\eps_3\synthetic_rep_05.csv,2.0,143,0.5094512644766027,0.006032483982628904,0.0,0.8202783916013237,0.006582070406419593,0.002942852765856896,0.025326277466153502,0.8559151582862629,0.5028691940701832,1.4290787374406506,0.6559022554090963,0.9962164170623211,0.8327843584088086,0.4328623203783295,-0.1768821029997123
DPWGAN,nonconstant,0.5,4.0,1,20104001,OK,higher_order_dpwgan_sweep_nonconstant\beta_int_0.500\eps_4\synthetic_rep_01.csv,2.0,244,0.5094512644766027,0.006032483982628904,0.0,0.8202783916013237,0.008932652472978501,0.005199504777857851,0.08582213337935243,0.8009976805528516,0.5005186120036242,1.737556786409556,0.4913166475878108,0.9962164170623211,0.8327843584088086,0.7413403693472349,-0.3414677108209978
DPWGAN,nonconstant,0.5,4.0,2,20104002,OK,higher_order_dpwgan_sweep_nonconstant\beta_int_0.500\eps_4\synthetic_rep_02.csv,2.0,244,0.5094512644766027,0.006032483982628904,0.0,0.8202783916013237,0.041997345677451677,0.005970360891057787,2.09554922871824e-12,0.7402625536845804,0.46745391879915105,1.2757992864033596,0.7257578401800457,0.9962164170623211,0.8327843584088086,0.2795828693410385,-0.10702651822876286
DPWGAN,nonconstant,0.5,4.0,3,20104003,OK,higher_order_dpwgan_sweep_nonconstant\beta_int_0.500\eps_4\synthetic_rep_03.csv,2.0,244,0.5094512644766027,0.006032483982628904,0.0,0.8202783916013237,0.01651416009541968,0.007054501434986582,0.01924925616965588,0.7190055316986814,0.49293710438118304,1.538174591389379,0.6013600891859627,0.9962164170623211,0.8327843584088086,0.5419581743270578,-0.23142426922284587
DPWGAN,nonconstant,0.5,4.0,4,20104004,OK,higher_order_dpwgan_sweep_nonconstant\beta_int_0.500\eps_4\synthetic_rep_04.csv,2.0,244,0.5094512644766027,0.006032483982628904,0.0,0.8202783916013237,-0.002930177190496694,0.004813229017461485,0.5426829606335668,0.7901940825628404,0.5123814416670994,1.4211341413056136,0.6597174670414874,0.9962164170623211,0.8327843584088086,0.42491772424329244,-0.17306689136732123
DPWGAN,nonconstant,0.5,4.0,5,20104005,OK,higher_order_dpwgan_sweep_nonconstant\beta_int_0.500\eps_4\synthetic_rep_05.csv,2.0,244,0.5094512644766027,0.006032483982628904,0.0,0.8202783916013237,0.037287789879733704,0.004953795040704665,5.503723329403402e-14,0.834988472091905,0.472163474596869,1.2493672096594917,0.7370036520986185,0.9962164170623211,0.8327843584088086,0.25315079259717055,-0.09578070631019009
DPWGAN,nonconstant,0.5,5.0,1,20105001,OK,higher_order_dpwgan_sweep_nonconstant\beta_int_0.500\eps_5\synthetic_rep_01.csv,2.0,383,0.5094512644766027,0.006032483982628904,0.0,0.8202783916013237,0.32648075812488386,0.007872173908492831,0.0,0.6451065204178443,0.18297050635171885,1.2776516699946308,0.7249608959017475,0.9962164170623211,0.8327843584088086,0.28143525293230964,-0.1078234625070611
DPWGAN,nonconstant,0.5,5.0,2,20105002,OK,higher_order_dpwgan_sweep_nonconstant\beta_int_0.500\eps_5\synthetic_rep_02.csv,2.0,383,0.5094512644766027,0.006032483982628904,0.0,0.8202783916013237,0.09844928498346528,0.006198694826995304,2.60921636357414e-56,0.8157851131298797,0.41100197949313744,1.2982629053504657,0.7160153882872873,0.9962164170623211,0.8327843584088086,0.3020464882881446,-0.11676897012152132
DPWGAN,nonconstant,0.5,5.0,3,20105003,OK,higher_order_dpwgan_sweep_nonconstant\beta_int_0.500\eps_5\synthetic_rep_03.csv,2.0,383,0.5094512644766027,0.006032483982628904,0.0,0.8202783916013237,0.05339099534835253,0.0044626050591548465,7.922654289684392e-33,0.697943819466381,0.4560602691282502,1.3657336691885105,0.6857310004256444,0.9962164170623211,0.8327843584088086,0.36951725212618936,-0.1470533579831642
DPWGAN,nonconstant,0.5,5.0,4,20105004,OK,higher_order_dpwgan_sweep_nonconstant\beta_int_0.500\eps_5\synthetic_rep_04.csv,2.0,383,0.5094512644766027,0.006032483982628904,0.0,0.8202783916013237,0.12996795055520557,0.00673292831715951,5.839570974293449e-82,0.8445813141126843,0.3794833139213971,1.277111581024766,0.7251933758386417,0.9962164170623211,0.8327843584088086,0.28089516396244485,-0.10759098257016686
DPWGAN,nonconstant,0.5,5.0,5,20105005,OK,higher_order_dpwgan_sweep_nonconstant\beta_int_0.500\eps_5\synthetic_rep_05.csv,2.0,383,0.5094512644766027,0.006032483982628904,0.0,0.8202783916013237,0.12994623676498374,0.006720191277096361,3.1121257751333376e-82,0.736916841341918,0.379505027711619,1.1677954142877784,0.7702248587039326,0.9962164170623211,0.8327843584088086,0.17157899722545733,-0.06255949970487595
DPWGAN,nonconstant,1.0,1.0,1,30101001,OK,higher_order_dpwgan_sweep_nonconstant\beta_int_1.000\eps_1\synthetic_rep_01.csv,2.0,20,1.0019493007793727,0.005975733438679315,0.0,0.903225878138121,-0.013202361594843448,0.06453915136956703,0.8379160668644678,0.8192265954890807,1.0151516623742163,2.04313756875971,0.6155837052017322,1.0027451815379271,0.9074049571938431,1.040392387221783,-0.29182125199211084
DPWGAN,nonconstant,1.0,1.0,2,30101002,OK,higher_order_dpwgan_sweep_nonconstant\beta_int_1.000\eps_1\synthetic_rep_02.csv,2.0,20,1.0019493007793727,0.005975733438679315,0.0,0.903225878138121,-0.17741735156895738,0.05006361439552999,0.0003956325172528613,0.832355154842458,1.1793666523483302,4.03058618235031,-0.4960392668851392,1.0027451815379271,0.9074049571938431,3.0278410008123835,-1.4034442240789824
DPWGAN,nonconstant,1.0,1.0,3,30101003,OK,higher_order_dpwgan_sweep_nonconstant\beta_int_1.000\eps_1\synthetic_rep_03.csv,2.0,20,1.0019493007793727,0.005975733438679315,0.0,0.903225878138121,0.17280869822659706,0.11413404014198075,0.13002673641206547,0.727027914911945,0.8291406025527757,1.8847295635820012,0.6728818397315137,1.0027451815379271,0.9074049571938431,0.881984382044074,-0.23452311746232934
DPWGAN,nonconstant,1.0,1.0,4,30101004,OK,higher_order_dpwgan_sweep_nonconstant\beta_int_1.000\eps_1\synthetic_rep_04.csv,2.0,20,1.0019493007793727,0.005975733438679315,0.0,0.903225878138121,0.09836275548692804,0.06514168074484367,0.13107063680862477,0.8040047774912962,0.9035865452924446,2.5013805899944774,0.42380946444993106,1.0027451815379271,0.9074049571938431,1.4986354084565503,-0.483595492743912
DPWGAN,nonconstant,1.0,1.0,5,30101005,OK,higher_order_dpwgan_sweep_nonconstant\beta_int_1.000\eps_1\synthetic_rep_05.csv,2.0,20,1.0019493007793727,0.005975733438679315,0.0,0.903225878138121,0.09496359295008117,0.15116787624422695,0.5298834734048156,0.7333319597736006,0.9069857078292916,3.714820428720212,-0.2708146701512395,1.0027451815379271,0.9074049571938431,2.712075247182285,-1.1782196273450825
DPWGAN,nonconstant,1.0,2.0,1,30102001,OK,higher_order_dpwgan_sweep_nonconstant\beta_int_1.000\eps_2\synthetic_rep_01.csv,2.0,74,1.0019493007793727,0.005975733438679315,0.0,0.903225878138121,0.08430774917258221,0.011012119778698799,2.0449548636022178e-14,0.7169083823580471,0.9176415516067905,1.9073907254241644,0.6649682989135794,1.0027451815379271,0.9074049571938431,0.9046455438862373,-0.24243665828026362
DPWGAN,nonconstant,1.0,2.0,2,30102002,OK,higher_order_dpwgan_sweep_nonconstant\beta_int_1.000\eps_2\synthetic_rep_02.csv,2.0,74,1.0019493007793727,0.005975733438679315,0.0,0.903225878138121,-0.019834029464444222,0.028430114179326497,0.4854129703718528,0.870550452605556,1.0217833302438168,2.3040265293233877,0.511143358194238,1.0027451815379271,0.9074049571938431,1.3012813477854606,-0.3962615989996051
DPWGAN,nonconstant,1.0,2.0,3,30102003,OK,higher_order_dpwgan_sweep_nonconstant\beta_int_1.000\eps_2\synthetic_rep_03.csv,2.0,74,1.0019493007793727,0.005975733438679315,0.0,0.903225878138121,0.010477552554775109,0.0472166784440304,0.8243921396570929,0.4485495639221465,0.9914717482245976,3.1122292878094684,0.10803104300553334,1.0027451815379271,0.9074049571938431,2.109484106271541,-0.7993739141883097
DPWGAN,nonconstant,1.0,2.0,4,30102004,OK,higher_order_dpwgan_sweep_nonconstant\beta_int_1.000\eps_2\synthetic_rep_04.csv,2.0,74,1.0019493007793727,0.005975733438679315,0.0,0.903225878138121,-0.01618285611672729,0.0029947063377305716,6.630443899225977e-08,0.9574927822715827,1.0181321568961,2.471912870068038,0.4373052195655207,1.0027451815379271,0.9074049571938431,1.469167688530111,-0.47009973762832236
DPWGAN,nonconstant,1.0,2.0,5,30102005,OK,higher_order_dpwgan_sweep_nonconstant\beta_int_1.000\eps_2\synthetic_rep_05.csv,2.0,74,1.0019493007793727,0.005975733438679315,0.0,0.903225878138121,-0.0010161666353008456,0.003994957609431729,0.7992194057600807,0.9502403701223867,1.0029654674146735,2.252260365112205,0.5328635480606582,1.0027451815379271,0.9074049571938431,1.249515183574278,-0.3745414091331849
DPWGAN,nonconstant,1.0,3.0,1,30103001,OK,higher_order_dpwgan_sweep_nonconstant\beta_int_1.000\eps_3\synthetic_rep_01.csv,2.0,143,1.0019493007793727,0.005975733438679315,0.0,0.903225878138121,0.0298688471736047,0.0044250475004302785,1.5372018579600695e-11,0.922750787600713,0.972080453605768,2.087725046589851,0.5986223625784746,1.0027451815379271,0.9074049571938431,1.0849798650519238,-0.3087825946153685
DPWGAN,nonconstant,1.0,3.0,2,30103002,OK,higher_order_dpwgan_sweep_nonconstant\beta_int_1.000\eps_3\synthetic_rep_02.csv,2.0,143,1.0019493007793727,0.005975733438679315,0.0,0.903225878138121,0.020031308659700597,0.0031857190391883835,3.3146475099487636e-10,0.92978217920969,0.9819179921196721,2.0498842525550662,0.613040736673644,1.0027451815379271,0.9074049571938431,1.047139071017139,-0.29436422052019906
DPWGAN,nonconstant,1.0,3.0,3,30103003,OK,higher_order_dpwgan_sweep_nonconstant\beta_int_1.000\eps_3\synthetic_rep_03.csv,2.0,143,1.0019493007793727,0.005975733438679315,0.0,0.903225878138121,-0.013559348417735933,0.005959616391870188,0.022908697905574545,0.8127998463952684,1.0155086491971086,2.47617592304745,0.43536270276513955,1.0027451815379271,0.9074049571938431,1.473430741509523,-0.4720422544287035
DPWGAN,nonconstant,1.0,3.0,4,30103004,OK,higher_order_dpwgan_sweep_nonconstant\beta_int_1.000\eps_3\synthetic_rep_04.csv,2.0,143,1.0019493007793727,0.005975733438679315,0.0,0.903225878138121,0.059674235528367744,0.00710971972735931,5.175103396420687e-17,0.8546814375828785,0.942275065251005,2.2964979321554115,0.5143328976104884,1.0027451815379271,0.9074049571938431,1.2937527506174844,-0.39307205958335467
DPWGAN,nonconstant,1.0,3.0,5,30103005,OK,higher_order_dpwgan_sweep_nonconstant\beta_int_1.000\eps_3\synthetic_rep_05.csv,2.0,143,1.0019493007793727,0.005975733438679315,0.0,0.903225878138121,-0.027948918327270218,0.009147852869534573,0.0022530108779524544,0.7650426077982158,1.029898219106643,1.9683201762137765,0.6432220073124182,1.0027451815379271,0.9074049571938431,0.9655749946758494,-0.2641829498814249
DPWGAN,nonconstant,1.0,4.0,1,30104001,OK,higher_order_dpwgan_sweep_nonconstant\beta_int_1.000\eps_4\synthetic_rep_01.csv,2.0,244,1.0019493007793727,0.005975733438679315,0.0,0.903225878138121,-0.004970136627435921,0.00626369695952652,0.4275099651514419,0.8418139262863282,1.0069194374068087,1.8599855979776467,0.6814147005468234,1.0027451815379271,0.9074049571938431,0.8572404164397196,-0.22599025664701966
DPWGAN,nonconstant,1.0,4.0,2,30104002,OK,higher_order_dpwgan_sweep_nonconstant\beta_int_1.000\eps_4\synthetic_rep_02.csv,2.0,244,1.0019493007793727,0.005975733438679315,0.0,0.903225878138121,0.07650750327623693,0.008654458663373697,1.067766937699758e-18,0.5341279112499691,0.9254417975031358,2.158314398154702,0.5710210467774632,1.0027451815379271,0.9074049571938431,1.1555692166167748,-0.3363839104163798
DPWGAN,nonconstant,1.0,4.0,3,30104003,OK,higher_order_dpwgan_sweep_nonconstant\beta_int_1.000\eps_4\synthetic_rep_03.csv,2.0,244,1.0019493007793727,0.005975733438679315,0.0,0.903225878138121,-0.0010818042162515293,0.0050095815532587885,0.8290321915483554,0.8484178155931861,1.0030311049956242,2.095619445657908,0.5955811325120683,1.0027451815379271,0.9074049571938431,1.092874264119981,-0.3118238246817747
DPWGAN,nonconstant,1.0,4.0,4,30104004,OK,higher_order_dpwgan_sweep_nonconstant\beta_int_1.000\eps_4\synthetic_rep_04.csv,2.0,244,1.0019493007793727,0.005975733438679315,0.0,0.903225878138121,0.08122467559359922,0.006726860120954028,2.1066128034611238e-33,0.766528289563325,0.9207246251857735,1.7653713659425048,0.7130020956653347,1.0027451815379271,0.9074049571938431,0.7626261844045776,-0.19440286152850839
DPWGAN,nonconstant,1.0,4.0,5,30104005,OK,higher_order_dpwgan_sweep_nonconstant\beta_int_1.000\eps_4\synthetic_rep_05.csv,2.0,244,1.0019493007793727,0.005975733438679315,0.0,0.903225878138121,0.031248298255719238,0.009189497660973508,0.0006746648476603474,0.6004657084933069,0.9707010025236534,2.041114308687922,0.6163446809171935,1.0027451815379271,0.9074049571938431,1.038369127149995,-0.29106027627664954
DPWGAN,nonconstant,1.0,5.0,1,30105001,OK,higher_order_dpwgan_sweep_nonconstant\beta_int_1.000\eps_5\synthetic_rep_01.csv,2.0,383,1.0019493007793727,0.005975733438679315,0.0,0.903225878138121,0.40910146315278967,0.009422406425511625,0.0,0.7992670036854563,0.5928478376265831,1.4126586129334795,0.8162272929678029,1.0027451815379271,0.9074049571938431,0.40991343139555236,-0.09117766422604012
DPWGAN,nonconstant,1.0,5.0,2,30105002,OK,higher_order_dpwgan_sweep_nonconstant\beta_int_1.000\eps_5\synthetic_rep_02.csv,2.0,383,1.0019493007793727,0.005975733438679315,0.0,0.903225878138121,0.4096796805405871,0.00785703778521684,0.0,0.7820031658761861,0.5922696202387856,1.362479889643249,0.8290509188523629,1.0027451815379271,0.9074049571938431,0.35973470810532193,-0.07835403834148014
DPWGAN,nonconstant,1.0,5.0,3,30105003,OK,higher_order_dpwgan_sweep_nonconstant\beta_int_1.000\eps_5\synthetic_rep_03.csv,2.0,383,1.0019493007793727,0.005975733438679315,0.0,0.903225878138121,0.2709373463666811,0.008639107811150898,1.0359650657841084e-208,0.8419459930523834,0.7310119544126916,1.7114572136344042,0.730264155965777,1.0027451815379271,0.9074049571938431,0.708712032096477,-0.17714080122806608
DPWGAN,nonconstant,1.0,5.0,4,30105004,OK,higher_order_dpwgan_sweep_nonconstant\beta_int_1.000\eps_5\synthetic_rep_04.csv,2.0,383,1.0019493007793727,0.005975733438679315,0.0,0.903225878138121,0.1662806987594735,0.008234908815447878,2.144177748954245e-89,0.7430780602392815,0.8356686020198992,1.6242248394016563,0.7570600906539423,1.0027451815379271,0.9074049571938431,0.6214796578637292,-0.15034486653990076
DPWGAN,nonconstant,1.0,5.0,5,30105005,OK,higher_order_dpwgan_sweep_nonconstant\beta_int_1.000\eps_5\synthetic_rep_05.csv,2.0,383,1.0019493007793727,0.005975733438679315,0.0,0.903225878138121,0.20913791021826025,0.007942071494587116,3.379013805078525e-149,0.7266549170251813,0.7928113905611125,1.5911695644479784,0.7668478119599696,1.0027451815379271,0.9074049571938431,0.5884243829100513,-0.14055714523387342
DPWGAN,nonconstant,2.0,1.0,1,40101001,OK,higher_order_dpwgan_sweep_nonconstant\beta_int_2.000\eps_1\synthetic_rep_01.csv,2.0,20,1.9995044092519572,0.006114503442006018,0.0,0.9573643174149324,-0.5304944211771293,0.1479129251001213,0.0003362474904734246,0.636620554695247,2.5299988304290864,5.277089904527658,-0.1706119432058697,0.9996803739554844,0.9579906176547984,4.277409530572174,-1.128602560860668
DPWGAN,nonconstant,2.0,1.0,2,40101002,OK,higher_order_dpwgan_sweep_nonconstant\beta_int_2.000\eps_1\synthetic_rep_02.csv,2.0,20,1.9995044092519572,0.006114503442006018,0.0,0.9573643174149324,0.1592654610274712,0.21761317111406453,0.4642576250749542,0.48256836722677876,1.8402389482244859,5.019582722011737,-0.05915420741322075,0.9996803739554844,0.9579906176547984,4.019902348056253,-1.0171448250680193
DPWGAN,nonconstant,2.0,1.0,3,40101003,OK,higher_order_dpwgan_sweep_nonconstant\beta_int_2.000\eps_1\synthetic_rep_03.csv,2.0,20,1.9995044092519572,0.006114503442006018,0.0,0.9573643174149324,0.5344126331218845,0.20170357419191412,0.008070273301338301,0.6471177608339311,1.4650917761300728,5.544826400409029,-0.292408696113299,0.9996803739554844,0.9579906176547984,4.545146026453545,-1.2503993137680975
DPWGAN,nonconstant,2.0,1.0,4,40101004,OK,higher_order_dpwgan_sweep_nonconstant\beta_int_2.000\eps_1\synthetic_rep_04.csv,2.0,20,1.9995044092519572,0.006114503442006018,0.0,0.9573643174149324,-0.6835780624192138,0.23054009843599155,0.003030795846613881,0.670772484852777,2.683082471671171,5.583759471348629,-0.31062174304436874,0.9996803739554844,0.9579906176547984,4.584079097393145,-1.268612360699167
DPWGAN,nonconstant,2.0,1.0,5,40101005,OK,higher_order_dpwgan_sweep_nonconstant\beta_int_2.000\eps_1\synthetic_rep_05.csv,2.0,20,1.9995044092519572,0.006114503442006018,0.0,0.9573643174149324,0.6761883248811662,0.11379677667565362,2.8813388481700506e-09,0.6377786072149174,1.323316084370791,3.416141823775538,0.509435915471663,0.9996803739554844,0.9579906176547984,2.4164614498200536,-0.4485547021831354
DPWGAN,nonconstant,2.0,2.0,1,40102001,OK,higher_order_dpwgan_sweep_nonconstant\beta_int_2.000\eps_2\synthetic_rep_01.csv,2.0,74,1.9995044092519572,0.006114503442006018,0.0,0.9573643174149324,0.024200315047348434,0.008377527863186253,0.0038740935788163697,0.8994653634966653,1.9753040942046087,3.4485159256737825,0.5000938999796221,0.9996803739554844,0.9579906176547984,2.448835551718298,-0.45789671767517637
DPWGAN,nonconstant,2.0,2.0,2,40102002,OK,higher_order_dpwgan_sweep_nonconstant\beta_int_2.000\eps_2\synthetic_rep_02.csv,2.0,74,1.9995044092519572,0.006114503442006018,0.0,0.9573643174149324,-0.06240546518197901,0.02220078028340228,0.0049462859604867794,0.9252064901842849,2.0619098744339364,3.514027084932938,0.4809201464724482,0.9996803739554844,0.9579906176547984,2.5143467109774535,-0.47707047118235024
DPWGAN,nonconstant,2.0,2.0,3,40102003,OK,higher_order_dpwgan_sweep_nonconstant\beta_int_2.000\eps_2\synthetic_rep_03.csv,2.0,74,1.9995044092519572,0.006114503442006018,0.0,0.9573643174149324,-0.07003054013668407,0.01087159730513146,1.2208096081306332e-10,0.8969896201592206,2.069534949388641,3.6542510425389465,0.43866680766857535,0.9996803739554844,0.9579906176547984,2.654570668583462,-0.5193238099862231
DPWGAN,nonconstant,2.0,2.0,4,40102004,OK,higher_order_dpwgan_sweep_nonconstant\beta_int_2.000\eps_2\synthetic_rep_04.csv,2.0,74,1.9995044092519572,0.006114503442006018,0.0,0.9573643174149324,0.010549310162481035,0.05508618282657321,0.8481323055187727,0.7248995765699107,1.9889550990894762,3.31346175698905,0.5384828020465178,0.9996803739554844,0.9579906176547984,2.3137813830335654,-0.41950781560828065
DPWGAN,nonconstant,2.0,2.0,5,40102005,OK,higher_order_dpwgan_sweep_nonconstant\beta_int_2.000\eps_2\synthetic_rep_05.csv,2.0,74,1.9995044092519572,0.006114503442006018,0.0,0.9573643174149324,-0.10434823182567757,0.026045142418977818,6.196044750566459e-05,0.9587540454538237,2.103852641077635,4.941103247800164,-0.026294075891808877,0.9996803739554844,0.9579906176547984,3.94142287384468,-0.9842846935466073
DPWGAN,nonconstant,2.0,3.0,1,40103001,OK,higher_order_dpwgan_sweep_nonconstant\beta_int_2.000\eps_3\synthetic_rep_01.csv,2.0,143,1.9995044092519572,0.006114503442006018,0.0,0.9573643174149324,0.016178750406435558,0.013939708079428759,0.24581491512956133,0.7625886468377765,1.9833256588455217,3.273773123933293,0.5494726897550104,0.9996803739554844,0.9579906176547984,2.2740927499778083,-0.408517927899788
DPWGAN,nonconstant,2.0,3.0,2,40103002,OK,higher_order_dpwgan_sweep_nonconstant\beta_int_2.000\eps_3\synthetic_rep_02.csv,2.0,143,1.9995044092519572,0.006114503442006018,0.0,0.9573643174149324,-0.0008261408380255634,0.010986663208544236,0.9400607317921262,0.7180027122264098,2.000330550089983,3.2695114098117286,0.5506448961431933,0.9996803739554844,0.9579906176547984,2.269831035856244,-0.4073457215116051
DPWGAN,nonconstant,2.0,3.0,3,40103003,OK,higher_order_dpwgan_sweep_nonconstant\beta_int_2.000\eps_3\synthetic_rep_03.csv,2.0,143,1.9995044092519572,0.006114503442006018,0.0,0.9573643174149324,-0.007039336515815706,0.00966746687630035,0.4665358215485297,0.7076646145197472,2.006543745767773,3.6662839031399694,0.43496396151819916,0.9996803739554844,0.9579906176547984,2.666603529184485,-0.5230266561365993
DPWGAN,nonconstant,2.0,3.0,4,40103004,OK,higher_order_dpwgan_sweep_nonconstant\beta_int_2.000\eps_3\synthetic_rep_04.csv,2.0,143,1.9995044092519572,0.006114503442006018,0.0,0.9573643174149324,0.004608740682386217,0.009352233916441298,0.6221646805757785,0.7872227294519426,1.994895668569571,3.3082890276295185,0.5399226497312669,0.9996803739554844,0.9579906176547984,2.308608653674034,-0.4180679679235315
DPWGAN,nonconstant,2.0,3.0,5,40103005,OK,higher_order_dpwgan_sweep_nonconstant\beta_int_2.000\eps_3\synthetic_rep_05.csv,2.0,143,1.9995044092519572,0.006114503442006018,0.0,0.9573643174149324,0.04224297279072502,0.010294189010797965,4.0912092321903795e-05,0.8588862235479606,1.9572614364612322,3.1030550796276395,0.5952350176074456,0.9996803739554844,0.9579906176547984,2.103374705672155,-0.36275560004735286
DPWGAN,nonconstant,2.0,4.0,1,40104001,OK,higher_order_dpwgan_sweep_nonconstant\beta_int_2.000\eps_4\synthetic_rep_01.csv,2.0,244,1.9995044092519572,0.006114503442006018,0.0,0.9573643174149324,0.04947468794390877,0.013958608547285119,0.00039481307498802153,0.5993274698384417,1.9500297213080484,3.154959655455562,0.5815808197435681,0.9996803739554844,0.9579906176547984,2.1552792815000776,-0.3764097979112303
DPWGAN,nonconstant,2.0,4.0,2,40104002,OK,higher_order_dpwgan_sweep_nonconstant\beta_int_2.000\eps_4\synthetic_rep_02.csv,2.0,244,1.9995044092519572,0.006114503442006018,0.0,0.9573643174149324,-0.006914261098124413,0.010707284014232904,0.518449900618002,0.8019146252387986,2.0064186703500817,3.2510976385384516,0.5556921467722191,0.9996803739554844,0.9579906176547984,2.251417264582967,-0.4022984708825793
DPWGAN,nonconstant,2.0,4.0,3,40104003,OK,higher_order_dpwgan_sweep_nonconstant\beta_int_2.000\eps_4\synthetic_rep_03.csv,2.0,244,1.9995044092519572,0.006114503442006018,0.0,0.9573643174149324,0.041150127858117336,0.01294892579308031,0.001486789682544339,0.5041401280628616,1.9583542813938397,3.352379298453794,0.5275778360694532,0.9996803739554844,0.9579906176547984,2.3526989244983096,-0.43041278158534524
DPWGAN,nonconstant,2.0,4.0,4,40104004,OK,higher_order_dpwgan_sweep_nonconstant\beta_int_2.000\eps_4\synthetic_rep_04.csv,2.0,244,1.9995044092519572,0.006114503442006018,0.0,0.9573643174149324,0.1921699782029389,0.011971531459195174,1.7960980493184635e-57,0.6894029231874126,1.8073344310490183,2.863365008830457,0.6553507076031,0.9996803739554844,0.9579906176547984,1.8636846348749727,-0.30263991005169844
DPWGAN,nonconstant,2.0,4.0,5,40104005,OK,higher_order_dpwgan_sweep_nonconstant\beta_int_2.000\eps_4\synthetic_rep_05.csv,2.0,244,1.9995044092519572,0.006114503442006018,0.0,0.9573643174149324,0.11740294702443965,0.012743485143839996,3.623332457479037e-20,0.6766441799580851,1.8821014622275176,2.8869062472511406,0.6496603232421188,0.9996803739554844,0.9579906176547984,1.8872258732956562,-0.3083302944126797
DPWGAN,nonconstant,2.0,5.0,1,40105001,OK,higher_order_dpwgan_sweep_nonconstant\beta_int_2.000\eps_5\synthetic_rep_01.csv,2.0,383,1.9995044092519572,0.006114503442006018,0.0,0.9573643174149324,0.7263323229626778,0.013082790742259702,0.0,0.7745914426331901,1.2731720862892795,2.084322289969024,0.8173777411860516,0.9996803739554844,0.9579906176547984,1.0846419160135397,-0.14061287646874687
DPWGAN,nonconstant,2.0,5.0,2,40105002,OK,higher_order_dpwgan_sweep_nonconstant\beta_int_2.000\eps_5\synthetic_rep_02.csv,2.0,383,1.9995044092519572,0.006114503442006018,0.0,0.9573643174149324,1.248361824132313,0.01951593676754315,0.0,0.6727203759911566,0.7511425851196443,1.5257809512643343,0.9021392946950002,0.9996803739554844,0.9579906176547984,0.52610057730885,-0.05585132295979822
DPWGAN,nonconstant,2.0,5.0,3,40105003,OK,higher_order_dpwgan_sweep_nonconstant\beta_int_2.000\eps_5\synthetic_rep_03.csv,2.0,383,1.9995044092519572,0.006114503442006018,0.0,0.9573643174149324,0.4441355105026038,0.01413495025812975,1.8136887740329164e-209,0.6517051712682806,1.5553688987493532,2.454313295416602,0.7467881861019801,0.9996803739554844,0.9579906176547984,1.4546329214611173,-0.21120243155281837
DPWGAN,nonconstant,2.0,5.0,4,40105004,OK,higher_order_dpwgan_sweep_nonconstant\beta_int_2.000\eps_5\synthetic_rep_04.csv,2.0,383,1.9995044092519572,0.006114503442006018,0.0,0.9573643174149324,0.48061746510938125,0.013472267874959004,7.326755747235092e-267,0.6895739285380209,1.5188869441425759,2.371153260763857,0.7636567432156668,0.9996803739554844,0.9579906176547984,1.3714728868083723,-0.19433387443913164
DPWGAN,nonconstant,2.0,5.0,5,40105005,OK,higher_order_dpwgan_sweep_nonconstant\beta_int_2.000\eps_5\synthetic_rep_05.csv,2.0,383,1.9995044092519572,0.006114503442006018,0.0,0.9573643174149324,0.6901459051339222,0.013637200269730119,0.0,0.720113145592335,1.309358504118035,2.280684709996777,0.7813474904328744,0.9996803739554844,0.9579906176547984,1.2810043360412924,-0.176643127221924
DPWGAN,nonconstant,3.0,1.0,1,50101001,OK,higher_order_dpwgan_sweep_nonconstant\beta_int_3.000\eps_1\synthetic_rep_01.csv,2.0,20,2.997104117187805,0.00591899630991675,0.0,0.9782066198942891,-2.239360502169301,0.48607568501483117,4.120849738940585e-06,0.8744691833783292,5.236464619357106,10.139719107419054,-1.4689818961190766,0.9884622130281193,0.9765368563000972,9.151256894390935,-2.445518752419174
DPWGAN,nonconstant,3.0,1.0,2,50101002,OK,higher_order_dpwgan_sweep_nonconstant\beta_int_3.000\eps_1\synthetic_rep_02.csv,2.0,20,2.997104117187805,0.00591899630991675,0.0,0.9782066198942891,-0.07460132955098797,0.582979866876106,0.8981780882337529,0.6618607290207214,3.071705446738793,6.059385489390802,0.11829516548062546,0.9884622130281193,0.9765368563000972,5.070923276362683,-0.8582416908194718
DPWGAN,nonconstant,3.0,1.0,3,50101003,OK,higher_order_dpwgan_sweep_nonconstant\beta_int_3.000\eps_1\synthetic_rep_03.csv,2.0,20,2.997104117187805,0.00591899630991675,0.0,0.9782066198942891,-0.6438866548989459,0.20009604733046227,0.001294323841274315,0.3000386646139256,3.640990772086751,8.508474598845757,-0.738479085259671,0.9884622130281193,0.9765368563000972,7.520012385817637,-1.715015941559768
DPWGAN,nonconstant,3.0,1.0,4,50101004,OK,higher_order_dpwgan_sweep_nonconstant\beta_int_3.000\eps_1\synthetic_rep_04.csv,2.0,20,2.997104117187805,0.00591899630991675,0.0,0.9782066198942891,-0.7026126957682601,0.3692833257218327,0.05710823206557526,0.8717028343607903,3.699716812956065,5.491456320000387,0.27582900867193827,0.9884622130281193,0.9765368563000972,4.5029941069722685,-0.700707847628159
DPWGAN,nonconstant,3.0,1.0,5,50101005,OK,higher_order_dpwgan_sweep_nonconstant\beta_int_3.000\eps_1\synthetic_rep_05.csv,2.0,20,2.997104117187805,0.00591899630991675,0.0,0.9782066198942891,0.3902106369951988,0.16157721780008982,0.015747504418548528,0.7331235044002811,2.606893480192606,4.127450105738695,0.5908997724590423,0.9884622130281193,0.9765368563000972,3.1389878927105754,-0.3856370838410549
DPWGAN,nonconstant,3.0,2.0,1,50102001,OK,higher_order_dpwgan_sweep_nonconstant\beta_int_3.000\eps_2\synthetic_rep_01.csv,2.0,74,2.997104117187805,0.00591899630991675,0.0,0.9782066198942891,0.06092247131075917,0.06295784147299062,0.3332254797133129,0.9010261860798346,2.936181645877046,4.9235036609265235,0.41787722988816767,0.9884622130281193,0.9765368563000972,3.935041447898404,-0.5586596264119296
DPWGAN,nonconstant,3.0,2.0,2,50102002,OK,higher_order_dpwgan_sweep_nonconstant\beta_int_3.000\eps_2\synthetic_rep_02.csv,2.0,74,2.997104117187805,0.00591899630991675,0.0,0.9782066198942891,-0.005875772808000609,0.010847113329861392,0.5880407057719199,0.8359181966264462,3.002979889995806,4.950716359331738,0.41142454487660973,0.9884622130281193,0.9765368563000972,3.9622541463036183,-0.5651123114234875
DPWGAN,nonconstant,3.0,2.0,3,50102003,OK,higher_order_dpwgan_sweep_nonconstant\beta_int_3.000\eps_2\synthetic_rep_03.csv,2.0,74,2.997104117187805,0.00591899630991675,0.0,0.9782066198942891,-0.27560866899631276,0.026763075186641082,8.810879832653841e-25,0.8498551937699289,3.2727127861841177,9.215781664052086,-1.0395314713910637,0.9884622130281193,0.9765368563000972,8.227319451023966,-2.016068327691161
DPWGAN,nonconstant,3.0,2.0,4,50102004,OK,higher_order_dpwgan_sweep_nonconstant\beta_int_3.000\eps_2\synthetic_rep_04.csv,2.0,74,2.997104117187805,0.00591899630991675,0.0,0.9782066198942891,-0.342364835228364,0.06508224018567305,1.4578624164430584e-07,0.8588149919432532,3.339468952416169,6.6806919915161505,-0.07178816155746404,0.9884622130281193,0.9765368563000972,5.692229778488031,-1.0483250178575614
DPWGAN,nonconstant,3.0,2.0,5,50102005,OK,higher_order_dpwgan_sweep_nonconstant\beta_int_3.000\eps_2\synthetic_rep_05.csv,2.0,74,2.997104117187805,0.00591899630991675,0.0,0.9782066198942891,0.0030283120129249927,0.016246755035317313,0.8521378066634633,0.8917286867498384,2.99407580517488,4.385439214614294,0.5381592513752449,0.9884622130281193,0.9765368563000972,3.396977001586175,-0.43837760492485234
DPWGAN,nonconstant,3.0,3.0,1,50103001,OK,higher_order_dpwgan_sweep_nonconstant\beta_int_3.000\eps_3\synthetic_rep_01.csv,2.0,143,2.997104117187805,0.00591899630991675,0.0,0.9782066198942891,0.035339302255374724,0.015153399674138474,0.019709338943212123,0.7942068197321586,2.9617648149324305,4.2755690465601415,0.561010729573721,0.9884622130281193,0.9765368563000972,3.287106833532022,-0.41552612672637623
DPWGAN,nonconstant,3.0,3.0,2,50103002,OK,higher_order_dpwgan_sweep_nonconstant\beta_int_3.000\eps_3\synthetic_rep_02.csv,2.0,143,2.997104117187805,0.00591899630991675,0.0,0.9782066198942891,0.06728975249466383,0.017602877307751907,0.00013259363997651606,0.6207432635815051,2.9298143646931414,5.258471041574885,0.33597408313551214,0.9884622130281193,0.9765368563000972,4.270008828546766,-0.6405627731645851
DPWGAN,nonconstant,3.0,3.0,3,50103003,OK,higher_order_dpwgan_sweep_nonconstant\beta_int_3.000\eps_3\synthetic_rep_03.csv,2.0,143,2.997104117187805,0.00591899630991675,0.0,0.9782066198942891,-0.036069058814519835,0.02081469835486216,0.08314172907774535,0.7759339761523268,3.033173176002325,4.924557778853038,0.4176279392292884,0.9884622130281193,0.9765368563000972,3.936095565824919,-0.5589089170708088
DPWGAN,nonconstant,3.0,3.0,4,50103004,OK,higher_order_dpwgan_sweep_nonconstant\beta_int_3.000\eps_3\synthetic_rep_04.csv,2.0,143,2.997104117187805,0.00591899630991675,0.0,0.9782066198942891,0.014597833627589818,0.021609311563573673,0.4993474583142657,0.7417421734412801,2.982506283560215,4.402792258183794,0.534497041735756,0.9884622130281193,0.9765368563000972,3.414330045155675,-0.44203981456434127
DPWGAN,nonconstant,3.0,3.0,5,50103005,OK,higher_order_dpwgan_sweep_nonconstant\beta_int_3.000\eps_3\synthetic_rep_05.csv,2.0,143,2.997104117187805,0.00591899630991675,0.0,0.9782066198942891,0.02851952366548202,0.011240721172458952,0.01118630753683535,0.8465257429817918,2.968584593522323,5.311490438166258,0.3225162777904913,0.9884622130281193,0.9765368563000972,4.323028225138138,-0.6540205785096059
DPWGAN,nonconstant,3.0,4.0,1,50104001,OK,higher_order_dpwgan_sweep_nonconstant\beta_int_3.000\eps_4\synthetic_rep_01.csv,2.0,244,2.997104117187805,0.00591899630991675,0.0,0.9782066198942891,0.18684914393508084,0.016798357525403804,1.2772295655373847e-28,0.604650486926147,2.810254973252724,4.076712615392316,0.6008958428159673,0.9884622130281193,0.9765368563000972,3.088250402364197,-0.3756410134841299
DPWGAN,nonconstant,3.0,4.0,2,50104002,OK,higher_order_dpwgan_sweep_nonconstant\beta_int_3.000\eps_4\synthetic_rep_02.csv,2.0,244,2.997104117187805,0.00591899630991675,0.0,0.9782066198942891,0.34688787476017313,0.014232394412530951,1.550398613248471e-128,0.6525185162440601,2.650216242427632,4.006173443393018,0.6145877161035176,0.9884622130281193,0.9765368563000972,3.0177112303648985,-0.36194914019657964
DPWGAN,nonconstant,3.0,4.0,3,50104003,OK,higher_order_dpwgan_sweep_nonconstant\beta_int_3.000\eps_4\synthetic_rep_03.csv,2.0,244,2.997104117187805,0.00591899630991675,0.0,0.9782066198942891,0.04715756142758086,0.013434573669710036,0.00044923839967903956,0.6888745308708906,2.9499465557602242,4.363656346637819,0.5427358652863465,0.9884622130281193,0.9765368563000972,3.3751941336096993,-0.4338009910137507
DPWGAN,nonconstant,3.0,4.0,4,50104004,OK,higher_order_dpwgan_sweep_nonconstant\beta_int_3.000\eps_4\synthetic_rep_04.csv,2.0,244,2.997104117187805,0.00591899630991675,0.0,0.9782066198942891,0.08422585467460877,0.01412287209951757,2.5239288392548304e-09,0.7206107809314595,2.912878262513196,4.232088434295531,0.5698939758948685,0.9884622130281193,0.9765368563000972,3.243626221267412,-0.4066428804052288
DPWGAN,nonconstant,3.0,4.0,5,50104005,OK,higher_order_dpwgan_sweep_nonconstant\beta_int_3.000\eps_4\synthetic_rep_05.csv,2.0,244,2.997104117187805,0.00591899630991675,0.0,0.9782066198942891,0.08062776495349037,0.016169519761935015,6.225015020901335e-07,0.5565702897912976,2.9164763522343145,4.399172477453461,0.5352621589003336,0.9884622130281193,0.9765368563000972,3.4107102644253415,-0.44127469739976366
DPWGAN,nonconstant,3.0,5.0,1,50105001,OK,higher_order_dpwgan_sweep_nonconstant\beta_int_3.000\eps_5\synthetic_rep_01.csv,2.0,383,2.997104117187805,0.00591899630991675,0.0,0.9782066198942891,1.1933422763699242,0.020221061410675367,0.0,0.6915759425375652,1.8037618408178808,2.6851527053337447,0.8268573599325327,0.9884622130281193,0.9765368563000972,1.6966904923056254,-0.1496794963675645
DPWGAN,nonconstant,3.0,5.0,2,50105002,OK,higher_order_dpwgan_sweep_nonconstant\beta_int_3.000\eps_5\synthetic_rep_02.csv,2.0,383,2.997104117187805,0.00591899630991675,0.0,0.9782066198942891,0.39299013809964406,0.016980759947148878,2.5667560912856265e-116,0.6144146974951717,2.604113979088161,3.7241030261107144,0.6669500052448414,0.9884622130281193,0.9765368563000972,2.735640813082595,-0.30958685105525585
DPWGAN,nonconstant,3.0,5.0,3,50105003,OK,higher_order_dpwgan_sweep_nonconstant\beta_int_3.000\eps_5\synthetic_rep_03.csv,2.0,383,2.997104117187805,0.00591899630991675,0.0,0.9782066198942891,0.8098063601977306,0.02263766629532533,2.960091868940686e-268,0.6311731801296173,2.1872977569900742,3.2953652946726497,0.7392206586135317,0.9884622130281193,0.9765368563000972,2.3069030816445304,-0.23731619768656553
DPWGAN,nonconstant,3.0,5.0,4,50105004,OK,higher_order_dpwgan_sweep_nonconstant\beta_int_3.000\eps_5\synthetic_rep_04.csv,2.0,383,2.997104117187805,0.00591899630991675,0.0,0.9782066198942891,0.29012060792256006,0.014449946580521183,2.0281583010643144e-88,0.7248507798652313,2.706983509265245,3.858881858436907,0.642406988892131,0.9884622130281193,0.9765368563000972,2.870419645408788,-0.33412986740796624
DPWGAN,nonconstant,3.0,5.0,5,50105005,OK,higher_order_dpwgan_sweep_nonconstant\beta_int_3.000\eps_5\synthetic_rep_05.csv,2.0,383,2.997104117187805,0.00591899630991675,0.0,0.9782066198942891,0.664815944234844,0.018090890081100545,2.565907534777749e-282,0.6420551833445597,2.332288172952961,3.4513141176147633,0.713954557371046,0.9884622130281193,0.9765368563000972,2.462851904586644,-0.26258229892905127
DPWGAN,nonconstant,5.0,1.0,1,60101001,OK,higher_order_dpwgan_sweep_nonconstant\beta_int_5.000\eps_1\synthetic_rep_01.csv,2.0,20,5.00459189976222,0.005884772617005767,0.0,0.9909192778046896,-0.4019427236728156,0.11533519872052403,0.0004936510538809208,0.6563188027107838,5.406534623435036,10.852791254312287,-0.03094275395881585,0.9979604684268654,0.9912827735603739,9.85483078588542,-1.0222255275191898
DPWGAN,nonconstant,5.0,1.0,2,60101002,OK,higher_order_dpwgan_sweep_nonconstant\beta_int_5.000\eps_1\synthetic_rep_02.csv,2.0,20,5.00459189976222,0.005884772617005767,0.0,0.9909192778046896,0.6485755221905535,0.5556323507405689,0.24311939015160458,0.5086528986580849,4.356016377571667,10.169066350448489,0.0948640529948861,0.9979604684268654,0.9912827735603739,9.171105882021623,-0.8964187205654878
DPWGAN,nonconstant,5.0,1.0,3,60101003,OK,higher_order_dpwgan_sweep_nonconstant\beta_int_5.000\eps_1\synthetic_rep_03.csv,2.0,20,5.00459189976222,0.005884772617005767,0.0,0.9909192778046896,-0.501806534829897,0.04035832908490701,2.63235162786759e-35,0.6313920378320466,5.506398434592117,12.109121115676242,-0.2834439204253554,0.9979604684268654,0.9912827735603739,11.111160647249376,-1.2747266939857291
DPWGAN,nonconstant,5.0,1.0,4,60101004,OK,higher_order_dpwgan_sweep_nonconstant\beta_int_5.000\eps_1\synthetic_rep_04.csv,2.0,20,5.00459189976222,0.005884772617005767,0.0,0.9909192778046896,-0.0550087552820488,0.014129899168898183,9.944103996361846e-05,0.9646504429294727,5.059600655044268,10.196868849361092,0.0899079555005472,0.9979604684268654,0.9912827735603739,9.198908380934226,-0.9013748180598267
DPWGAN,nonconstant,5.0,1.0,5,60101005,OK,higher_order_dpwgan_sweep_nonconstant\beta_int_5.000\eps_1\synthetic_rep_05.csv,2.0,20,5.00459189976222,0.005884772617005767,0.0,0.9909192778046896,-0.5489263027457922,0.30498584670770806,0.07190714075398008,0.7800684482054039,5.5535182025080125,9.220693088862273,0.2558186455445802,0.9979604684268654,0.9912827735603739,8.222732620435407,-0.7354641280157936
DPWGAN,nonconstant,5.0,2.0,1,60102001,OK,higher_order_dpwgan_sweep_nonconstant\beta_int_5.000\eps_2\synthetic_rep_01.csv,2.0,74,5.00459189976222,0.005884772617005767,0.0,0.9909192778046896,-0.047938745825165927,0.06586029413485801,0.4666959279087156,0.8957215853839863,5.052530645587386,8.510089147600635,0.3661012868130977,0.9979604684268654,0.9912827735603739,7.512128679173769,-0.6251814867472761
DPWGAN,nonconstant,5.0,2.0,2,60102002,OK,higher_order_dpwgan_sweep_nonconstant\beta_int_5.000\eps_2\synthetic_rep_02.csv,2.0,74,5.00459189976222,0.005884772617005767,0.0,0.9909192778046896,-0.2870730713341105,0.06485944166679214,9.66870412099014e-06,0.7173401254990848,5.29166497109633,10.509352588816217,0.03327360447143002,0.9979604684268654,0.9912827735603739,9.51139212038935,-0.9580091690889438
DPWGAN,nonconstant,5.0,2.0,3,60102003,OK,higher_order_dpwgan_sweep_nonconstant\beta_int_5.000\eps_2\synthetic_rep_03.csv,2.0,74,5.00459189976222,0.005884772617005767,0.0,0.9909192778046896,-0.029999644253183088,0.026591180904725915,0.2592631608521628,0.9094240802891058,5.034591544015403,10.026037610138598,0.12014661365509871,0.9979604684268654,0.9912827735603739,9.028077141711732,-0.8711361599052752
DPWGAN,nonconstant,5.0,2.0,4,60102004,OK,higher_order_dpwgan_sweep_nonconstant\beta_int_5.000\eps_2\synthetic_rep_04.csv,2.0,74,5.00459189976222,0.005884772617005767,0.0,0.9909192778046896,-0.24003234583127148,0.056633251080282346,2.265976292066534e-05,0.8983156032008712,5.244624245593491,9.799571280658196,0.15944564325599242,0.9979604684268654,0.9912827735603739,8.80161081223133,-0.8318371303043814
DPWGAN,nonconstant,5.0,2.0,5,60102005,OK,higher_order_dpwgan_sweep_nonconstant\beta_int_5.000\eps_2\synthetic_rep_05.csv,2.0,74,5.00459189976222,0.005884772617005767,0.0,0.9909192778046896,-0.22434655793099878,0.2642531270759122,0.3959049703434202,0.48372832922885256,5.228938457693219,12.841046649738681,-0.44328633062242107,0.9979604684268654,0.9912827735603739,11.843086181311815,-1.434569104182795
DPWGAN,nonconstant,5.0,3.0,1,60103001,OK,higher_order_dpwgan_sweep_nonconstant\beta_int_5.000\eps_3\synthetic_rep_01.csv,2.0,143,5.00459189976222,0.005884772617005767,0.0,0.9909192778046896,0.007893374186822892,0.012654000448272223,0.5327790377247185,0.8774565463841001,4.996698525575397,8.468946031077973,0.37221579942122585,0.9979604684268654,0.9912827735603739,7.470985562651108,-0.619066974139148
DPWGAN,nonconstant,5.0,3.0,2,60103002,OK,higher_order_dpwgan_sweep_nonconstant\beta_int_5.000\eps_3\synthetic_rep_02.csv,2.0,143,5.00459189976222,0.005884772617005767,0.0,0.9909192778046896,-0.0042327363973227745,0.010157107217643907,0.6768848141644935,0.8574434544569299,5.0088246361595425,10.427610374999265,0.04825360164146342,0.9979604684268654,0.9912827735603739,9.429649906572399,-0.9430291719189104
DPWGAN,nonconstant,5.0,3.0,3,60103003,OK,higher_order_dpwgan_sweep_nonconstant\beta_int_5.000\eps_3\synthetic_rep_03.csv,2.0,143,5.00459189976222,0.005884772617005767,0.0,0.9909192778046896,0.029915997301858205,0.041224756342532434,0.4680468626731682,0.5087419974554372,4.974675902460362,7.954632083664625,0.44615040039993914,0.9979604684268654,0.9912827735603739,6.9566716152377595,-0.5451323731604347
DPWGAN,nonconstant,5.0,3.0,4,60103004,OK,higher_order_dpwgan_sweep_nonconstant\beta_int_5.000\eps_3\synthetic_rep_04.csv,2.0,143,5.00459189976222,0.005884772617005767,0.0,0.9909192778046896,0.01854767750348882,0.024992687255745584,0.45802455880727744,0.7832695564213678,4.986044222258731,8.012733936546056,0.4380300473017439,0.9979604684268654,0.9912827735603739,7.0147734681191904,-0.55325272625863
DPWGAN,nonconstant,5.0,3.0,5,60103005,OK,higher_order_dpwgan_sweep_nonconstant\beta_int_5.000\eps_3\synthetic_rep_05.csv,2.0,143,5.00459189976222,0.005884772617005767,0.0,0.9909192778046896,0.13994653275183794,0.04482629341213383,0.0018000866282372955,0.6083889190755289,4.8646453670103815,7.452119909148048,0.5139160070676861,0.9979604684268654,0.9912827735603739,6.454159440721183,-0.4773667664926877
DPWGAN,nonconstant,5.0,4.0,1,60104001,OK,higher_order_dpwgan_sweep_nonconstant\beta_int_5.000\eps_4\synthetic_rep_01.csv,2.0,244,5.00459189976222,0.005884772617005767,0.0,0.9909192778046896,1.3862496201112537,0.02835767524678878,0.0,0.6842237845796103,3.618342279650966,5.661373467295606,0.7194596971928375,0.9979604684268654,0.9912827735603739,4.663412998868741,-0.27182307636753633
DPWGAN,nonconstant,5.0,4.0,2,60104002,OK,higher_order_dpwgan_sweep_nonconstant\beta_int_5.000\eps_4\synthetic_rep_02.csv,2.0,244,5.00459189976222,0.005884772617005767,0.0,0.9909192778046896,0.43422021195993926,0.032955900557689016,2.0758761727242955e-39,0.5400502858124996,4.570371687802281,7.103271354434407,0.5583599379223327,0.9979604684268654,0.9912827735603739,6.105310886007541,-0.4329228356380411
DPWGAN,nonconstant,5.0,4.0,3,60104003,OK,higher_order_dpwgan_sweep_nonconstant\beta_int_5.000\eps_4\synthetic_rep_03.csv,2.0,244,5.00459189976222,0.005884772617005767,0.0,0.9909192778046896,0.5925983328783627,0.03274625189757912,2.2595210769172118e-72,0.55919772284859,4.411993566883857,6.858931991747588,0.588220573446985,0.9979604684268654,0.9912827735603739,5.860971523320723,-0.4030622001133889
DPWGAN,nonconstant,5.0,4.0,4,60104004,OK,higher_order_dpwgan_sweep_nonconstant\beta_int_5.000\eps_4\synthetic_rep_04.csv,2.0,244,5.00459189976222,0.005884772617005767,0.0,0.9909192778046896,0.19139453011867238,0.025506829940958826,6.579892605812688e-14,0.5773957727650625,4.8131973696435475,7.658808871646823,0.48657842530242035,0.9979604684268654,0.9912827735603739,6.6608484032199575,-0.5047043482579535
DPWGAN,nonconstant,5.0,4.0,5,60104005,OK,higher_order_dpwgan_sweep_nonconstant\beta_int_5.000\eps_4\synthetic_rep_05.csv,2.0,244,5.00459189976222,0.005884772617005767,0.0,0.9909192778046896,0.25169342951192825,0.017004096959755986,3.3523438995297982e-49,0.7890805589032297,4.752898470250291,7.2769842750877585,0.5364948927194,0.9979604684268654,0.9912827735603739,6.279023806660893,-0.4547878808409739
DPWGAN,nonconstant,5.0,5.0,1,60105001,OK,higher_order_dpwgan_sweep_nonconstant\beta_int_5.000\eps_5\synthetic_rep_01.csv,2.0,383,5.00459189976222,0.005884772617005767,0.0,0.9909192778046896,1.088936006395853,0.029348586368061046,1.6591086796848396e-287,0.6273433196214888,3.9156558933663668,6.178157127499284,0.6659053279356618,0.9979604684268654,0.9912827735603739,5.180196659072418,-0.32537744562471205
DPWGAN,nonconstant,5.0,5.0,2,60105002,OK,higher_order_dpwgan_sweep_nonconstant\beta_int_5.000\eps_5\synthetic_rep_02.csv,2.0,383,5.00459189976222,0.005884772617005767,0.0,0.9909192778046896,1.6595564493043773,0.02711643404998486,0.0,0.6710781904671498,3.345035450457843,5.3414982441577425,0.7502659093623153,0.9979604684268654,0.9912827735603739,4.343537775730877,-0.24101686419805857
DPWGAN,nonconstant,5.0,5.0,3,60105003,OK,higher_order_dpwgan_sweep_nonconstant\beta_int_5.000\eps_5\synthetic_rep_03.csv,2.0,383,5.00459189976222,0.005884772617005767,0.0,0.9909192778046896,2.151849332056681,0.04023724548835962,0.0,0.6164050156196709,2.8527425677055387,4.536979672892269,0.8198288220270757,0.9979604684268654,0.9912827735603739,3.5390192044654034,-0.17145395153329812
DPWGAN,nonconstant,5.0,5.0,4,60105004,OK,higher_order_dpwgan_sweep_nonconstant\beta_int_5.000\eps_5\synthetic_rep_04.csv,2.0,383,5.00459189976222,0.005884772617005767,0.0,0.9909192778046896,1.3236124908459757,0.03176174175037193,0.0,0.5858828663106255,3.680979408916244,5.7844155543399,0.7071328765656402,0.9979604684268654,0.9912827735603739,4.786455085913035,-0.2841498969947337
DPWGAN,nonconstant,5.0,5.0,5,60105005,OK,higher_order_dpwgan_sweep_nonconstant\beta_int_5.000\eps_5\synthetic_rep_05.csv,2.0,383,5.00459189976222,0.005884772617005767,0.0,0.9909192778046896,1.2342071796460647,0.034030525961461396,2.3860239489406833e-275,0.5915928239859823,3.770384720116155,5.922161750257378,0.6930185161761641,0.9979604684268654,0.9912827735603739,4.924201281830513,-0.2982642573842098
